<?xml version="1.0" encoding="utf-8" standalone="yes"?>
<rss version="2.0" xmlns:atom="http://www.w3.org/2005/Atom">
  <channel>
    <title>Daniel Reece | Executive Speech Coach</title>
    <link>http://localhost:65312/</link>
    <description>Recent content on Daniel Reece | Executive Speech Coach</description>
    <generator>Hugo</generator>
    <language>en-us</language>
    <lastBuildDate>Tue, 22 Apr 2025 12:07:25 -0700</lastBuildDate>
    <atom:link href="http://localhost:65312/index.xml" rel="self" type="application/rss+xml" />
    <item>
      <title>Blog Post 1</title>
      <link>http://localhost:65312/posts/blog-post-1/</link>
      <pubDate>Sat, 18 Jun 2022 11:10:36 +0800</pubDate>
      <guid>http://localhost:65312/posts/blog-post-1/</guid>
      <description>Lorem ipsum dolor sit amet, consectetur adipiscing elit. Sed cursus, odio nec venenatis lacinia, lacus lectus varius nisi, in tristique mi purus ut libero.</description>
    </item>
    <item>
      <title>News Post 1</title>
      <link>http://localhost:65312/posts/news-post-1/</link>
      <pubDate>Wed, 18 May 2022 11:10:36 +0800</pubDate>
      <guid>http://localhost:65312/posts/news-post-1/</guid>
      <description>Lorem ipsum dolor sit amet, consectetur adipiscing elit. Sed cursus, odio nec venenatis lacinia, lacus lectus varius nisi, in tristique mi purus ut libero.</description>
    </item>
    <item>
      <title>News Post 2</title>
      <link>http://localhost:65312/posts/news-post-2/</link>
      <pubDate>Mon, 18 Apr 2022 11:10:36 +0800</pubDate>
      <guid>http://localhost:65312/posts/news-post-2/</guid>
      <description>Lorem ipsum dolor sit amet, consectetur adipiscing elit. Sed cursus, odio nec venenatis lacinia, lacus lectus varius nisi, in tristique mi purus ut libero.</description>
    </item>
    <item>
      <title>News Post 4</title>
      <link>http://localhost:65312/posts/news-post-4/</link>
      <pubDate>Fri, 18 Mar 2022 11:10:36 +0800</pubDate>
      <guid>http://localhost:65312/posts/news-post-4/</guid>
      <description>&lt;p&gt;Lorem ipsum dolor sit amet, consectetur adipiscing elit. Sed cursus, odio nec venenatis lacinia, lacus lectus varius nisi, in tristique mi purus ut libero.&lt;/p&gt;</description>
    </item>
    <item>
      <title>News Post 5</title>
      <link>http://localhost:65312/posts/news-post-5/</link>
      <pubDate>Fri, 18 Mar 2022 11:10:36 +0800</pubDate>
      <guid>http://localhost:65312/posts/news-post-5/</guid>
      <description>&lt;p&gt;Lorem ipsum dolor sit amet, consectetur adipiscing elit. Sed cursus, odio nec venenatis lacinia, lacus lectus varius nisi, in tristique mi purus ut libero.&lt;/p&gt;</description>
    </item>
    <item>
      <title>News Post 6</title>
      <link>http://localhost:65312/posts/news-post-6/</link>
      <pubDate>Fri, 18 Mar 2022 11:10:36 +0800</pubDate>
      <guid>http://localhost:65312/posts/news-post-6/</guid>
      <description>&lt;p&gt;Lorem ipsum dolor sit amet, consectetur adipiscing elit. Sed cursus, odio nec venenatis lacinia, lacus lectus varius nisi, in tristique mi purus ut libero.&lt;/p&gt;</description>
    </item>
    <item>
      <title>News Post 7</title>
      <link>http://localhost:65312/posts/news-post-7/</link>
      <pubDate>Fri, 18 Mar 2022 11:10:36 +0800</pubDate>
      <guid>http://localhost:65312/posts/news-post-7/</guid>
      <description>&lt;p&gt;Lorem ipsum dolor sit amet, consectetur adipiscing elit. Sed cursus, odio nec venenatis lacinia, lacus lectus varius nisi, in tristique mi purus ut libero.&lt;/p&gt;</description>
    </item>
    <item>
      <title>About</title>
      <link>http://localhost:65312/about/</link>
      <pubDate>Sat, 18 Dec 2021 11:10:36 +0800</pubDate>
      <guid>http://localhost:65312/about/</guid>
      <description>&lt;h1 id=&#34;h1-heading-blush&#34;&gt;h1 Heading &amp;#x1f60a;&lt;/h1&gt;&#xA;&lt;h2 id=&#34;h2-heading&#34;&gt;h2 Heading&lt;/h2&gt;&#xA;&lt;h3 id=&#34;h3-heading&#34;&gt;h3 Heading&lt;/h3&gt;&#xA;&lt;h4 id=&#34;h4-heading&#34;&gt;h4 Heading&lt;/h4&gt;&#xA;&lt;h5 id=&#34;h5-heading&#34;&gt;h5 Heading&lt;/h5&gt;&#xA;&lt;h6 id=&#34;h6-heading&#34;&gt;h6 Heading&lt;/h6&gt;&#xA;&lt;h2 id=&#34;horizontal-rules&#34;&gt;Horizontal Rules&lt;/h2&gt;&#xA;&lt;hr&gt;&#xA;&lt;hr&gt;&#xA;&lt;hr&gt;&#xA;&lt;h2 id=&#34;typographic-replacements&#34;&gt;Typographic replacements&lt;/h2&gt;&#xA;&lt;p&gt;Enable typographer option to see result.&lt;/p&gt;&#xA;&lt;p&gt;(c) (C) (r) (R) (tm) (TM) (p) (P) +-&lt;/p&gt;&#xA;&lt;p&gt;test.. test&amp;hellip; test&amp;hellip;.. test?&amp;hellip;.. test!&amp;hellip;.&lt;/p&gt;&#xA;&lt;p&gt;!!!!!! ???? ,,  &amp;ndash; &amp;mdash;&lt;/p&gt;&#xA;&lt;p&gt;&amp;ldquo;Smartypants, double quotes&amp;rdquo; and &amp;lsquo;single quotes&amp;rsquo;&lt;/p&gt;&#xA;&lt;h2 id=&#34;emphasis&#34;&gt;Emphasis&lt;/h2&gt;&#xA;&lt;p&gt;&lt;strong&gt;This is bold text&lt;/strong&gt;&lt;/p&gt;&#xA;&lt;p&gt;&lt;strong&gt;This is bold text&lt;/strong&gt;&lt;/p&gt;&#xA;&lt;p&gt;&lt;em&gt;This is italic text&lt;/em&gt;&lt;/p&gt;&#xA;&lt;p&gt;&lt;em&gt;This is italic text&lt;/em&gt;&lt;/p&gt;&#xA;&lt;p&gt;&lt;del&gt;Strikethrough&lt;/del&gt;&lt;/p&gt;&#xA;&lt;h2 id=&#34;blockquotes&#34;&gt;Blockquotes&lt;/h2&gt;&#xA;&lt;blockquote&gt;&#xA;&lt;p&gt;Blockquotes can also be nested&amp;hellip;&lt;/p&gt;</description>
    </item>
    <item>
      <title>Blog Post 2</title>
      <link>http://localhost:65312/posts/blog-post-2/</link>
      <pubDate>Sat, 18 Dec 2021 11:10:36 +0800</pubDate>
      <guid>http://localhost:65312/posts/blog-post-2/</guid>
      <description>Lorem ipsum dolor sit amet, consectetur adipiscing elit. Sed cursus, odio nec venenatis lacinia, lacus lectus varius nisi, in tristique mi purus ut libero.</description>
    </item>
    <item>
      <title>Blog Post 3</title>
      <link>http://localhost:65312/posts/blog-post-3/</link>
      <pubDate>Sat, 18 Dec 2021 11:10:36 +0800</pubDate>
      <guid>http://localhost:65312/posts/blog-post-3/</guid>
      <description>Lorem ipsum dolor sit amet, consectetur adipiscing elit. Sed cursus, odio nec venenatis lacinia, lacus lectus varius nisi, in tristique mi purus ut libero.</description>
    </item>
    <item>
      <title>Blog Post 4</title>
      <link>http://localhost:65312/posts/blog-post-4/</link>
      <pubDate>Sat, 18 Dec 2021 11:10:36 +0800</pubDate>
      <guid>http://localhost:65312/posts/blog-post-4/</guid>
      <description>Lorem ipsum dolor sit amet, consectetur adipiscing elit. Sed cursus, odio nec venenatis lacinia, lacus lectus varius nisi, in tristique mi purus ut libero.</description>
    </item>
    <item>
      <title>Blog Post 5</title>
      <link>http://localhost:65312/posts/blog-post-5/</link>
      <pubDate>Sat, 18 Dec 2021 11:10:36 +0800</pubDate>
      <guid>http://localhost:65312/posts/blog-post-5/</guid>
      <description>Lorem ipsum dolor sit amet, consectetur adipiscing elit. Sed cursus, odio nec venenatis lacinia, lacus lectus varius nisi, in tristique mi purus ut libero.</description>
    </item>
    <item>
      <title>Blog Post 6</title>
      <link>http://localhost:65312/posts/blog-post-6/</link>
      <pubDate>Sat, 18 Dec 2021 11:10:36 +0800</pubDate>
      <guid>http://localhost:65312/posts/blog-post-6/</guid>
      <description>Lorem ipsum dolor sit amet, consectetur adipiscing elit. Sed cursus, odio nec venenatis lacinia, lacus lectus varius nisi, in tristique mi purus ut libero.</description>
    </item>
    <item>
      <title>Blog Post 7</title>
      <link>http://localhost:65312/posts/blog-post-7/</link>
      <pubDate>Sat, 18 Dec 2021 11:10:36 +0800</pubDate>
      <guid>http://localhost:65312/posts/blog-post-7/</guid>
      <description>Lorem ipsum dolor sit amet, consectetur adipiscing elit. Sed cursus, odio nec venenatis lacinia, lacus lectus varius nisi, in tristique mi purus ut libero.</description>
    </item>
    <item>
      <title>Contact</title>
      <link>http://localhost:65312/contact/</link>
      <pubDate>Sat, 18 Dec 2021 03:10:36 +0000</pubDate>
      <guid>http://localhost:65312/contact/</guid>
      <description>&lt;!-- @format --&gt;&#xA;&lt;section class=&#34;lg:pb-24&#34;&gt;&#xA;  &lt;div class=&#34;max-w-screen-md px-4 mx-auto&#34;&gt;&#xA;      &lt;p class=&#34;mb-8 font-light text-center text-gray-500 lg:mb-16 dark:text-gray-400 sm:text-xl&#34;&gt;Got a technical issue? Want to send feedback about a beta feature? Need details about our Business plan? Let us know.&lt;/p&gt;&#xA;      &lt;form name=&#34;contact&#34; action=&#34;https://formsubmit.co/daniel@executivespeechcoachingnyc.com&#34; method=&#34;POST&#34; class=&#34;space-y-8&#34;&gt;&#xA;          &lt;div class=&#34;my-4&#34;&gt;&#xA;              &lt;label for=&#34;email&#34; class=&#34;block mb-2 font-medium text-gray-900 text-md dark:text-gray-300&#34;&gt;&lt;strong&gt;Your Email:&lt;/strong&gt;&lt;/label&gt;&#xA;              &lt;input type=&#34;email&#34; name=&#34;email&#34; class=&#34;shadow-sm bg-gray-50 border border-gray-300 text-gray-900 text-md rounded-lg focus:ring-indigo-500 focus:border-indigo-500 block w-full p-2.5 dark:bg-gray-700 dark:border-gray-600 dark:placeholder-gray-400 dark:text-white dark:focus:ring-indigo-500 dark:focus:border-indigo-500 dark:shadow-sm-light&#34; placeholder=&#34;name@example.com&#34; required&gt;&#xA;          &lt;/div&gt;&#xA;          &lt;div class=&#34;my-4&#34;&gt;&#xA;              &lt;label for=&#34;subject&#34; class=&#34;block mb-2 font-medium text-gray-900 text-md dark:text-gray-300&#34;&gt;&lt;strong&gt;Subject:&lt;/strong&gt;&lt;/label&gt;&#xA;              &lt;input type=&#34;text&#34; name=&#34;subject&#34; class=&#34;block w-full p-3 text-gray-900 border border-gray-300 rounded-lg shadow-sm text-md bg-gray-50 focus:ring-indigo-500 focus:border-indigo-500 dark:bg-gray-700 dark:border-gray-600 dark:placeholder-gray-400 dark:text-white dark:focus:ring-indigo-500 dark:focus:border-indigo-500 dark:shadow-sm-light&#34; placeholder=&#34;Let us know how we can help you&#34; required&gt;&#xA;          &lt;/div&gt;&#xA;          &lt;div class=&#34;my-4 sm:col-span-2&#34;&gt;&#xA;              &lt;label for=&#34;message&#34; class=&#34;block mb-2 font-medium text-gray-900 text-md dark:text-gray-400&#34;&gt;&lt;strong&gt;Your message:&lt;/strong&gt;&lt;/label&gt;&#xA;              &lt;textarea id=&#34;message&#34; name=&#34;message&#34; rows=&#34;6&#34; class=&#34;block p-2.5 w-full text-md text-gray-900 bg-gray-50 rounded-lg shadow-sm border border-gray-300 focus:ring-indigo-500 focus:border-indigo-500 dark:bg-gray-700 dark:border-gray-600 dark:placeholder-gray-400 dark:text-white dark:focus:ring-indigo-500 dark:focus:border-indigo-500&#34; placeholder=&#34;Leave a comment...&#34;&gt;&lt;/textarea&gt;&#xA;          &lt;/div&gt;&#xA;          &lt;div class=&#34;mt-6 lg:pb-16&#34;&gt;&#xA;             &lt;button type=&#34;submit&#34; class=&#34;px-5 py-3 font-bold text-center text-white bg-indigo-600 bg-gold rounded-lg text-md sm:w-fit hover:bg-indigo-800 hover:bg-navy focus:ring-4 focus:outline-none focus:ring-indigo-300 focus:ring-gold dark:bg-indigo-600 dark:bg-gold dark:hover:bg-indigo-700 dark:hover:bg-navy dark:focus:ring-indigo-800 dark:focus:ring-gold&#34;&gt;Send Message&lt;/button&gt;&#xA;          &lt;/div&gt;&#xA;      &lt;/form&gt;&#xA;  &lt;/div&gt;&#xA;&lt;/section&gt;</description>
    </item>
    <item>
      <title>News Post 3</title>
      <link>http://localhost:65312/posts/news-post-3/</link>
      <pubDate>Sat, 18 Dec 2021 11:10:36 +0800</pubDate>
      <guid>http://localhost:65312/posts/news-post-3/</guid>
      <description>Lorem ipsum dolor sit amet, consectetur adipiscing elit. Sed cursus, odio nec venenatis lacinia, lacus lectus varius nisi, in tristique mi purus ut libero.</description>
    </item>
    <item>
      <title>Prose</title>
      <link>http://localhost:65312/prose/</link>
      <pubDate>Sat, 18 Dec 2021 11:10:36 +0800</pubDate>
      <guid>http://localhost:65312/prose/</guid>
      <description>&lt;h2 id=&#34;tailwindcsstypography&#34;&gt;@tailwindcss/typography&lt;/h2&gt;&#xA;&lt;p&gt;&lt;a href=&#34;https://github.com/tailwindlabs/tailwindcss-typography&#34;&gt;View on GitHub&lt;/a&gt;!&lt;/p&gt;&#xA;&lt;p&gt;Beautiful typographic defaults for HTML you don&amp;rsquo;t control.&lt;/p&gt;&#xA;&lt;p&gt;The official Tailwind CSS Typography plugin provides a set of prose classes you can use to add beautiful typographic defaults to any vanilla HTML you don’t control, like HTML rendered from Markdown, or pulled from a CMS.&lt;/p&gt;&#xA;&lt;p&gt;Tailwind CSS IntelliSense extension for Visual Studio Code&lt;/p&gt;&#xA;&lt;pre tabindex=&#34;0&#34;&gt;&lt;code&gt;&amp;lt;article class=&amp;#34;prose lg:prose-xl&amp;#34;&amp;gt;&#xD;&#xA;  {{ markdown }}&#xD;&#xA;&amp;lt;/article&amp;gt;&#xA;&lt;/code&gt;&lt;/pre&gt;&lt;p&gt;To see what it looks like in action, check out our &lt;a href=&#34;https://play.tailwindcss.com/uj1vGACRJA?layout=preview&#34;&gt;live demo&lt;/a&gt; on Tailwind Play.&#xA;​&lt;/p&gt;</description>
    </item>
  </channel>
</rss>
