<?xml version="1.0" encoding="utf-8" standalone="yes"?>
<rss version="2.0" xmlns:atom="http://www.w3.org/2005/Atom">
  <channel>
    <title>Tags on Daniel Reece | Executive Speech Coach</title>
    <link>http://localhost:65312/tags/</link>
    <description>Recent content in Tags on Daniel Reece | Executive Speech Coach</description>
    <generator>Hugo</generator>
    <language>en-us</language>
    <lastBuildDate>Sat, 02 Nov 2024 13:57:53 -0500</lastBuildDate>
    <atom:link href="http://localhost:65312/tags/index.xml" rel="self" type="application/rss+xml" />
    <item>
      <title>Blog</title>
      <link>http://localhost:65312/tags/blog/</link>
      <pubDate>Sat, 18 Jun 2022 11:10:36 +0800</pubDate>
      <guid>http://localhost:65312/tags/blog/</guid>
      <description></description>
    </item>
    <item>
      <title>News</title>
      <link>http://localhost:65312/tags/news/</link>
      <pubDate>Wed, 18 May 2022 11:10:36 +0800</pubDate>
      <guid>http://localhost:65312/tags/news/</guid>
      <description></description>
    </item>
  </channel>
</rss>
